column_A,column_B
0.496714153,7.931297538
-0.138264301,4.548447399
0.647688538,5.135056409
1.523029856,2.150503628
-0.234153375,3.911234551
-0.234136957,5.221845179
1.579212816,2.698012845
0.767434729,5.751396037
-0.469474386,3.79872262
0.542560044,4.4166125
-0.463417693,3.796586776
-0.465729754,8.704556369
0.241962272,4.973005551
-1.913280245,2.884578142
-1.724917833,6.645089824
-0.562287529,2.5583127
-1.01283112,5.41772719
0.314247333,
-0.908024076,
-1.412303701,